"Source","Target","Weight"
"fyp","viral",239
"estelionato","fyp",172
"fyp","happynation",123
"fyp","raul",121
"171","fyp",78
"7","estelionato",77
"dinheiro","fyp",77
"estelionato","viral",66
"fyp","musica",64
"171","estelionato",62
"7","fyp",62
"raul","viral",61
"estelionato","raul",60
"fyp","tropado7",53
"dinheiro","estelionato",48
"estelionatario","fyp",47
"happynation","viral",47
"funk","fyp",43
"estelionatario","estelionato",42
"happynation","luxo",35
"dinheiro","happynation",34
"fyp","luxo",34
"dinheiro","luxo",33
"tropado7","viral",33
"7","viral",32
"dinheiro","viral",32
"777","estelionato",31
"dinheiro","estelionatario",31
"estelionatario","raul",31
"171","raul",30
"171","estelionatario",29
"fyp","trending",29
"explore","fyp",28
"171","viral",27
"7","raul",27
"777","fyp",27
"dinheiro","raul",27
"fyp","ninoabravanel",27
"happynation","musica",27
"171","dinheiro",25
"cc","tropado7",25
"fyp","tiktok",25
"cc","fyp",24
"dinheiro","milionario",24
"estelionato","tropado7",24
"7","dinheiro",23
"7","estelionatario",23
"estelionatario","viral",23
"musica","viral",23
"171","7",22
"funk","musica",22
"fyp","mulherdepreso",21
"luxo","milionario",21
"171","tropado7",20
"aceofbase","happynation",20
"estelionato","golpe",20
"estilo","fyp",20
"fyp","meme",20
"happynation","rico",19
"tiktok","viral",19
"estilo","raul",18
"estelionato","explore",17
"funk","viral",17
"trending","viral",17
"luxo","viral",16
"171","cc",15
"7","tropado7",15
"777","dinheiro",15
"aceofbase","musica",15
"estelionatario","tropado7",15
"fyp","golpe",15
"fyp","humor",15
"fyp","motivational",15
"raul","tropado7",15
"777","estelionatario",14
"casa","milionario",14
"cc","raul",14
"dinheiro","tropado7",14
"humor","viral",14
"171","golpe",13
"7","cc",13
"cc","dinheiro",13
"cc","viral",13
"estelionato","meme",13
"fyp","mckelvinho",13
"fyp","rico",13
"777","viral",12
"bigode","raul",12
"bilionario","happynation",12
"casa","dinheiro",12
"casa","luxo",12
"cc","estelionato",12
"estelionato","laranja",12
"estelionato","mulherdepreso",12
"estelionato","ninoabravanel",12
"golpe","viral",12
"ninoabravanel","viral",12
"7","777",11
"777","tropado7",11
"cc","estelionatario",11
"dinheiro","rico",11
"fyp","milionario",11
"fyp","policia",11
"happynation","ruyter",11
"midia","tropado7",11
"mulherdepreso","viral",11
"7","golpe",10
"bilionario","luxo",10
"estelionatario","golpe",10
"estelionato","frases",10
"estelionato","happynation",10
"explore","viral",10
"happynation","milionario",10
"happynation","trending",10
"luxo","rico",10
"rico","viral",10
"7","mckelvinho",9
"777","raul",9
"buzeira","happynation",9
"cartaoclonado","cc",9
"cartaoclonado","tropado7",9
"estelionato","mckelvinho",9
"funk","raul",9
"funk","status",9
"funk","tropado7",9
"mckelvinho","raul",9
"meme","viral",9
"171","musica",8
"aceofbase","fyp",8
"bigode","estelionato",8
"bilionario","fyp",8
"dinheiro","golpe",8
"explore","raul",8
"frases","fyp",8
"fyp","midia",8
"golpe","raul",8
"happynation","motivational",8
"happynation","policia",8
"motivational","viral",8
"tiktokshop","tropado7",8
"171","777",7
"brasil","fyp",7
"cartaoclonado","fyp",7
"dinheiro","mulherdepreso",7
"estelionatario","explore",7
"estelionatario","meme",7
"estelionatario","musica",7
"estilo","viral",7
"fyp","status",7
"happynation","sucesso",7
"humor","raul",7
"musica","raul",7
"171","explore",6
"bigode","estelionatario",6
"bilionario","viral",6
"buzeira","fyp",6
"estilo","happynation",6
"explore","funk",6
"fyp","laranja",6
"happynation","meme",6
"luxo","sucesso",6
"meme","raul",6
"midia","raul",6
"midia","tiktokshop",6
"musica","trending",6
"raul","tiktok",6
"171","frases",5
"171","meme",5
"171","mulherdepreso",5
"cartaoclonado","viral",5
"crime","estelionato",5
"estelionatario","frases",5
"estelionatario","mckelvinho",5
"frases","musica",5
"luxo","motivational",5
"mckelvinho","ninoabravanel",5
"mckelvinho","viral",5
"milionario","rico",5
"milionario","viral",5
"raul","trending",5
"171","brasil",4
"171","cartaoclonado",4
"171","happynation",4
"171","laranja",4
"171","ninoabravanel",4
"7","ninoabravanel",4
"777","explore",4
"777","frases",4
"bigode","fyp",4
"bilionario","dinheiro",4
"brasil","happynation",4
"cartaoclonado","estelionatario",4
"crime","fyp",4
"dinheiro","frases",4
"dinheiro","motivational",4
"dinheiroonline","estelionato",4
"estelionato","rico",4
"funk","mckelvinho",4
"funk","ninoabravanel",4
"fyp","ruyter",4
"happynation","tiktok",4
"humor","meme",4
"midia","viral",4
"ninoabravanel","raul",4
"status","viral",4
"sucesso","viral",4
"tiktok","tropado7",4
"171","bigode",3
"171","crime",3
"171","funk",3
"171","humor",3
"171","luxo",3
"7","explore",3
"7","mulherdepreso",3
"777","funk",3
"777","happynation",3
"777","motivational",3
"777","rico",3
"777","tiktok",3
"bigode","dinheiro",3
"bilionario","sucesso",3
"brasil","raul",3
"cartaoclonado","estelionato",3
"casa","fyp",3
"cc","golpe",3
"cc","luxo",3
"cc","tiktok",3
"crime","dinheiro",3
"dinheiro","estilo",3
"dinheiro","explore",3
"dinheiro","musica",3
"dinheiro","sucesso",3
"dinheiro","tiktok",3
"dinheiro","trending",3
"dinheiroonline","fyp",3
"estelionato","funk",3
"estelionato","milionario",3
"estelionato","motivational",3
"estelionato","sucesso",3
"estilo","luxo",3
"explore","meme",3
"explore","musica",3
"explore","ninoabravanel",3
"funk","trending",3
"fyp","sucesso",3
"golpe","happynation",3
"golpe","meme",3
"golpe","tropado7",3
"happynation","humor",3
"laranja","raul",3
"meme","musica",3
"mulherdepreso","raul",3
"musica","ninoabravanel",3
"rico","ruyter",3
"tiktok","trending",3
"171","dinheiroonline",2
"171","mckelvinho",2
"171","milionario",2
"171","ruyter",2
"171","status",2
"7","bigode",2
"7","happynation",2
"7","luxo",2
"7","midia",2
"7","musica",2
"7","tiktok",2
"777","bigode",2
"777","cc",2
"777","golpe",2
"777","mulherdepreso",2
"777","ninoabravanel",2
"aceofbase","viral",2
"bigode","viral",2
"brasil","estelionato",2
"brasil","funk",2
"brasil","tropado7",2
"buzeira","estelionato",2
"buzeira","viral",2
"cartaoclonado","raul",2
"cc","ruyter",2
"crime","policia",2
"dinheiro","laranja",2
"dinheiro","mckelvinho",2
"dinheiro","meme",2
"dinheiro","ninoabravanel",2
"dinheiro","policia",2
"dinheiro","ruyter",2
"dinheiroonline","viral",2
"direito","estelionato",2
"direito","fyp",2
"direito","raul",2
"estelionatario","happynation",2
"estilo","midia",2
"estilo","milionario",2
"explore","status",2
"explore","tropado7",2
"frases","motivational",2
"funk","midia",2
"funk","tiktok",2
"golpe","humor",2
"golpe","laranja",2
"happynation","ninoabravanel",2
"happynation","tropado7",2
"laranja","viral",2
"mckelvinho","mulherdepreso",2
"mckelvinho","musica",2
"meme","tropado7",2
"milionario","motivational",2
"milionario","musica",2
"motivational","rico",2
"mulherdepreso","ninoabravanel",2
"mulherdepreso","rico",2
"musica","status",2
"musica","tiktok",2
"musica","tropado7",2
"policia","trending",2
"policia","viral",2
"ruyter","tropado7",2
"trending","tropado7",2
"171","direito",1
"171","estilo",1
"171","policia",1
"171","rico",1
"171","sucesso",1
"7","buzeira",1
"7","casa",1
"7","frases",1
"7","funk",1
"7","laranja",1
"7","milionario",1
"7","rico",1
"777","buzeira",1
"777","cartaoclonado",1
"777","dinheiroonline",1
"777","mckelvinho",1
"777","meme",1
"777","midia",1
"777","musica",1
"aceofbase","trending",1
"bigode","cartaoclonado",1
"bigode","cc",1
"bigode","explore",1
"bigode","funk",1
"bigode","mckelvinho",1
"bilionario","estilo",1
"bilionario","milionario",1
"bilionario","motivational",1
"bilionario","rico",1
"brasil","dinheiro",1
"brasil","estilo",1
"brasil","explore",1
"brasil","milionario",1
"brasil","musica",1
"brasil","viral",1
"buzeira","dinheiro",1
"buzeira","explore",1
"buzeira","funk",1
"buzeira","ninoabravanel",1
"buzeira","raul",1
"cartaoclonado","dinheiro",1
"cartaoclonado","luxo",1
"cartaoclonado","trending",1
"casa","estilo",1
"casa","musica",1
"cc","funk",1
"cc","mckelvinho",1
"cc","meme",1
"cc","mulherdepreso",1
"cc","trending",1
"crime","direito",1
"crime","estelionatario",1
"crime","happynation",1
"crime","musica",1
"crime","raul",1
"crime","viral",1
"dinheiroonline","golpe",1
"estelionatario","humor",1
"estelionatario","laranja",1
"estelionatario","mulherdepreso",1
"estelionatario","trending",1
"estelionato","humor",1
"estelionato","midia",1
"estelionato","musica",1
"estelionato","policia",1
"estelionato","status",1
"estelionato","trending",1
"estilo","explore",1
"estilo","mulherdepreso",1
"estilo","rico",1
"estilo","ruyter",1
"estilo","sucesso",1
"estilo","tiktok",1
"explore","happynation",1
"explore","humor",1
"explore","luxo",1
"explore","midia",1
"explore","sucesso",1
"explore","trending",1
"frases","sucesso",1
"frases","viral",1
"funk","happynation",1
"funk","meme",1
"golpe","sucesso",1
"happynation","mulherdepreso",1
"humor","mulherdepreso",1
"humor","tiktok",1
"humor","trending",1
"laranja","tropado7",1
"luxo","musica",1
"luxo","trending",1
"luxo","tropado7",1
"mckelvinho","meme",1
"mckelvinho","status",1
"mckelvinho","tiktok",1
"mckelvinho","tropado7",1
"meme","ninoabravanel",1
"meme","policia",1
"meme","tiktok",1
"meme","trending",1
"milionario","raul",1
"milionario","ruyter",1
"milionario","sucesso",1
"motivational","raul",1
"musica","policia",1
"musica","rico",1
"ninoabravanel","status",1
"ninoabravanel","trending",1
"policia","raul",1
"policia","rico",1
"policia","tropado7",1
"raul","status",1
"rico","tiktok",1
"rico","trending",1
"status","tropado7",1
