Id,Label,origem,freq_instagram,freq_tiktok,freq_rel_instagram_pct,freq_rel_tiktok_pct,freq_combinada_rel,freq_total_bruta
01,01,instagram,12,0,0.384,0.0,0.384,12
171,171,ambas,430,194,13.756,11.169,12.463,624
171.0,171.0,instagram,219,0,7.006,0.0,7.006,219
2025,2025,instagram,11,0,0.352,0.0,0.352,11
244,244,instagram,26,0,0.832,0.0,0.832,26
333,333,instagram,79,0,2.527,0.0,2.527,79
7,7,ambas,142,125,4.543,7.196,5.87,267
77,77,instagram,10,0,0.32,0.0,0.32,10
777,777,ambas,171,60,5.47,3.454,4.462,231
aceofbase,aceofbase,ambas,19,22,0.608,1.267,0.938,41
advocacia,advocacia,instagram,29,0,0.928,0.0,0.928,29
advocaciacriminal,advocaciacriminal,instagram,23,0,0.736,0.0,0.736,23
alerta,alerta,instagram,19,0,0.608,0.0,0.608,19
amigos,amigos,instagram,31,0,0.992,0.0,0.992,31
armani,armani,instagram,16,0,0.512,0.0,0.512,16
audi,audi,instagram,12,0,0.384,0.0,0.384,12
bigode,bigode,ambas,85,14,2.719,0.806,1.762,99
bilionario,bilionario,ambas,11,12,0.352,0.691,0.521,23
bitcoin,bitcoin,instagram,15,0,0.48,0.0,0.48,15
blackhat,blackhat,instagram,36,0,1.152,0.0,1.152,36
bmwmoto,bmwmoto,instagram,13,0,0.416,0.0,0.416,13
brasil,brasil,ambas,107,18,3.423,1.036,2.229,125
brazil,brazil,instagram,13,0,0.416,0.0,0.416,13
buzeira,buzeira,ambas,32,18,1.024,1.036,1.03,50
calça,calça,instagram,14,0,0.448,0.0,0.448,14
carro,carro,instagram,11,0,0.352,0.0,0.352,11
cartaoclonado,cartaoclonado,ambas,60,13,1.919,0.748,1.333,73
casa,casa,tiktok,0,15,0.0,0.864,0.864,15
cassino,cassino,instagram,29,0,0.928,0.0,0.928,29
cc,cc,ambas,56,41,1.791,2.36,2.075,97
consultavel,consultavel,instagram,11,0,0.352,0.0,0.352,11
crime,crime,ambas,32,12,1.024,0.691,0.857,44
digital,digital,instagram,12,0,0.384,0.0,0.384,12
dinheiro,dinheiro,ambas,304,155,9.725,8.923,9.324,459
dinheiroextra,dinheiroextra,instagram,134,0,4.287,0.0,4.287,134
dinheiroonline,dinheiroonline,ambas,100,10,3.199,0.576,1.887,110
direito,direito,ambas,73,10,2.335,0.576,1.456,83
dropshipping,dropshipping,instagram,16,0,0.512,0.0,0.512,16
ea7,ea7,instagram,10,0,0.32,0.0,0.32,10
emocionante,emocionante,instagram,19,0,0.608,0.0,0.608,19
empreendedorismo,empreendedorismo,instagram,18,0,0.576,0.0,0.576,18
enriquecer,enriquecer,instagram,17,0,0.544,0.0,0.544,17
enviamosparatodoobrasil,enviamosparatodoobrasil,instagram,12,0,0.384,0.0,0.384,12
estelionatario,estelionatario,ambas,350,98,11.196,5.642,8.419,448
estelionato,estelionato,ambas,575,349,18.394,20.092,19.243,924
estilo,estilo,ambas,43,30,1.376,1.727,1.551,73
estudo,estudo,instagram,17,0,0.544,0.0,0.544,17
explore,explore,ambas,365,45,11.676,2.591,7.133,410
falsoadvogado,falsoadvogado,instagram,14,0,0.448,0.0,0.448,14
fashion,fashion,instagram,15,0,0.48,0.0,0.48,15
fly,fly,instagram,22,0,0.704,0.0,0.704,22
frases,frases,ambas,23,16,0.736,0.921,0.829,39
fraude,fraude,instagram,35,0,1.12,0.0,1.12,35
freefire,freefire,instagram,15,0,0.48,0.0,0.48,15
ft,ft,instagram,38,0,1.216,0.0,1.216,38
funk,funk,ambas,64,72,2.047,4.145,3.096,136
fyp,fyp,ambas,715,896,22.873,51.583,37.228,1611
gabyrodrigues,gabyrodrigues,instagram,27,0,0.864,0.0,0.864,27
golpe,golpe,ambas,235,27,7.518,1.554,4.536,262
golpedopix,golpedopix,instagram,11,0,0.352,0.0,0.352,11
grauderua,grauderua,instagram,26,0,0.832,0.0,0.832,26
grife,grife,instagram,16,0,0.512,0.0,0.512,16
happynation,happynation,ambas,542,240,17.338,13.817,15.578,782
humor,humor,ambas,108,37,3.455,2.13,2.792,145
instagood,instagood,instagram,15,0,0.48,0.0,0.48,15
instagram,instagram,instagram,39,0,1.248,0.0,1.248,39
kit,kit,instagram,44,0,1.408,0.0,1.408,44
lacoste,lacoste,instagram,12,0,0.384,0.0,0.384,12
laranja,laranja,ambas,37,12,1.184,0.691,0.938,49
lavagemdedinheiro,lavagemdedinheiro,instagram,46,0,1.472,0.0,1.472,46
lifestyle,lifestyle,instagram,122,0,3.903,0.0,3.903,122
lojamasculina,lojamasculina,instagram,14,0,0.448,0.0,0.448,14
luxo,luxo,ambas,27,76,0.864,4.375,2.619,103
lv,lv,instagram,16,0,0.512,0.0,0.512,16
mandrake,mandrake,instagram,34,0,1.088,0.0,1.088,34
marketingdigital,marketingdigital,instagram,202,0,6.462,0.0,6.462,202
mckelvinho,mckelvinho,tiktok,0,28,0.0,1.612,1.612,28
meme,meme,ambas,109,39,3.487,2.245,2.866,148
metodo,metodo,instagram,21,0,0.672,0.0,0.672,21
midia,midia,ambas,26,19,0.832,1.094,0.963,45
milionario,milionario,ambas,61,39,1.951,2.245,2.098,100
mindset,mindset,instagram,89,0,2.847,0.0,2.847,89
motivational,motivational,ambas,44,21,1.408,1.209,1.308,65
mudancadehabito,mudancadehabito,instagram,17,0,0.544,0.0,0.544,17
mulherdepreso,mulherdepreso,tiktok,0,38,0.0,2.188,2.188,38
musica,musica,ambas,31,99,0.992,5.699,3.345,130
nf,nf,instagram,34,0,1.088,0.0,1.088,34
nike,nike,instagram,70,0,2.239,0.0,2.239,70
ninoabravanel,ninoabravanel,ambas,17,40,0.544,2.303,1.423,57
oldmoney,oldmoney,instagram,10,0,0.32,0.0,0.32,10
paz,paz,instagram,10,0,0.32,0.0,0.32,10
pessoas,pessoas,instagram,25,0,0.8,0.0,0.8,25
pix,pix,instagram,12,0,0.384,0.0,0.384,12
plano,plano,instagram,17,0,0.544,0.0,0.544,17
podcast,podcast,instagram,10,0,0.32,0.0,0.32,10
policia,policia,ambas,33,9,1.056,0.518,0.787,42
policiacivil,policiacivil,instagram,51,0,1.631,0.0,1.631,51
prisão,prisão,instagram,10,0,0.32,0.0,0.32,10
raul,raul,ambas,809,237,25.88,13.644,19.762,1046
raulbigode,raulbigode,instagram,10,0,0.32,0.0,0.32,10
reels,reels,instagram,173,0,5.534,0.0,5.534,173
rico,rico,ambas,27,34,0.864,1.957,1.411,61
roubo,roubo,instagram,13,0,0.416,0.0,0.416,13
ruyter,ruyter,ambas,10,17,0.32,0.979,0.649,27
segurança,segurança,instagram,21,0,0.672,0.0,0.672,21
segurançadigital,segurançadigital,instagram,15,0,0.48,0.0,0.48,15
segurançapública,segurançapública,instagram,19,0,0.608,0.0,0.608,19
status,status,tiktok,0,14,0.0,0.806,0.806,14
sucesso,sucesso,ambas,166,17,5.31,0.979,3.144,183
tiktok,tiktok,ambas,20,31,0.64,1.785,1.212,51
tiktokshop,tiktokshop,tiktok,0,10,0.0,0.576,0.576,10
trabalhecomartistas,trabalhecomartistas,tiktok,0,10,0.0,0.576,0.576,10
trampo,trampo,instagram,29,0,0.928,0.0,0.928,29
trending,trending,ambas,46,35,1.472,2.015,1.744,81
tropado7,tropado7,ambas,490,107,15.675,6.16,10.918,597
vendas,vendas,instagram,27,0,0.864,0.0,0.864,27
viral,viral,ambas,591,337,18.906,19.401,19.154,928
